speaker_party,health_mentioned,health_topics
S&D,True,"['public health', 'healthcare systems', 'health policies', 'disease control', 'pandemic', 'COVID-19']"
Greens/EFA,True,"['economic impact', 'social inequality', 'public health']"
S&D,,[]
PPE,True,"['COVID-19', 'public health issues', 'healthcare systems']"
ID,,[]
PPE,,"['fishing', 'economic impact', 'ecological impact', 'species preservation']"
PPE,,[]
S&D,,[]
Greens/EFA,,"['climate change', 'forest health', 'environmental protection']"
S&D,,"['fraud', 'security threats', 'criminal abuses']"
S&D,,[]
GUE/NGL,,[]
S&D,,[]
ALDE,,[]
Greens/EFA,True,"['public health', 'vaccination', 'animal welfare', 'healthcare systems']"
PPE,,[]
GUE/NGL,,"['biodiversity loss', 'pesticides', 'genetically modified organisms']"
ALDE,,[]
S&D,,[]
GUE/NGL,,[]
PPE,True,"['public health', 'healthcare', 'poisoning', 'recovery', 'hospital']"
ECR,,[]
ID,True,"['COVID-19', 'public health issues', 'health policies']"
GUE/NGL,,[]
S&D,,[]
ID,,[]
NI,,[]
Greens/EFA,True,"['public health', 'healthcare systems', 'vaccination', 'health policies', 'disease control', 'public health emergency']"
PPE,True,"['COVID-19 pandemic', 'social and health care systems', 'public health', 'healthcare']"
ID,,"['safety', 'borders']"
PPE,,[]
PPE,,[]
S&D,,[]
PPE,True,"['COVID-19', 'pandemic', 'economy', 'healthcare systems']"
S&D,True,"['COVID-19', 'public health issues', 'healthcare systems', 'disease control', 'pandemic', 'health policies']"
ECR,,[]
PPE,True,"['gender unemployment', 'poverty', 'wage inequality', 'work-life balance', 'healthcare']"
PPE,,[]
PPE,True,"['COVID-19', 'public health', 'hunger', 'climate change', 'development assistance']"
Greens/EFA,True,"['COVID-19', 'pandemic', 'public health issues', 'disease control', 'healthcare systems']"
Greens/EFA,,[]
PPE,True,"['COVID-19', 'public health issues', 'vaccination', 'healthcare systems', 'health emergency', 'disease control', 'health policies']"
S&D,,"['cultural sector', 'democracies', 'economic recovery', 'social recovery', 'climate objectives']"
NI,True,"['human health', 'biodiversity', 'sustainable development goals']"
ECR,,[]
PPE,,[]
ECR,,[]
GUE/NGL,,[]
GUE/NGL,,[]
S&D,True,"['COVID-19', 'public health', 'vaccination', 'healthcare systems', 'hospitals', 'disease control', 'pandemic', 'health policies']"
NI,True,"['COVID-19', 'public health issues', 'healthcare systems', 'health policies', 'pandemic']"
S&D,,[]
GUE/NGL,,[]
S&D,True,"['COVID-19', 'inequalities', 'discrimination', 'public health']"
S&D,,[]
NI,True,"['health policies', 'digital medicine', 'public health']"
ECR,,[]
ECR,True,"['COVID-19', 'public health issues', 'disease control', 'healthcare systems']"
S&D,,[]
ALDE,,[]
S&D,True,"['COVID-19', 'pandemic', 'vaccination', 'public health issues', 'health policies', 'disease control']"
Greens/EFA,,"['climate', 'environment', 'natural disasters', 'economic treaty', 'global boundaries']"
S&D,True,"['COVID-19', 'public health issues', 'vaccination', 'healthcare systems', 'diseases control', 'pandemic', 'health policies']"
S&D,True,"['COVID-19', 'coronary crisis', 'health policies']"
ID,,[]
PPE,True,"['COVID-19', 'public health issues']"
PPE,True,"['medical', 'healthcare']"
ALDE,True,"['pandemic', 'humanitarian aid', 'public health']"
PPE,,[]
S&D,,[]
GUE/NGL,True,"['energy poverty', 'renovation of buildings', 'social tariffs', 'poverty', 'healthcare systems']"
PPE,,[]
ALDE,,[]
GUE/NGL,,[]
Greens/EFA,,"['agriculture', 'food supply', 'regional value chains']"
ECR,,[]
S&D,,"['farmers', 'food standards', 'ecological agriculture']"
ECR,True,"['COVID-19', 'public health issues', 'healthcare systems']"
PPE,,[]
PPE,True,"['public health', 'healthcare systems', 'disease control', 'public health emergency']"
S&D,True,"['COVID-19', 'public health issues', 'vaccination', 'healthcare systems', 'health policies', 'disease control', 'pandemic', 'public health emergency']"
PPE,,[]
ECR,,[]
PPE,True,"['COVID-19', 'public health issues', 'vaccination', 'healthcare systems', 'disease control', 'pandemic']"
NI,,[]
GUE/NGL,,"['biodiversity', 'agriculture', 'nature farms']"
S&D,True,"['COVID-19', 'public health issues', 'vaccination', 'healthcare systems', 'hospitals', 'public health emergency', 'disease control', 'pandemic', 'health policies']"
S&D,True,"['recovery plan', 'European Pillar of Social Rights', 'economic recovery', 'poverty', 'European Union of Health', 'digital transformation']"
S&D,True,"['climate neutrality', 'emission reduction', 'infrastructure renewal', 'social justice', 'inequalities', 'transition']"
ID,True,"['health policies', 'public health emergency', 'healthcare systems', 'COVID-19']"
Greens/EFA,,"['climate change', 'ecological disasters', 'human impact']"
ALDE,,[]
PPE,,[]
Greens/EFA,True,"['public health', 'healthcare systems', 'pandemic', 'disease control', 'public health emergency']"
ECR,True,"['COVID-19', 'public health issues', 'vaccination', 'healthcare systems', 'hospitals', 'public health emergency', 'disease control', 'pandemic', 'health policies']"
PPE,,[]
ID,,[]
Greens/EFA,True,"['COVID-19', 'public health issues', 'vaccination', 'healthcare systems', 'disease control', 'pandemic', 'public health emergency']"
PPE,True,"['COVID-19', 'public health issues', 'vaccination', 'healthcare systems', 'disease control', 'pandemic', 'health policies']"
S&D,,"['fishing', 'TAC', 'quotas']"
PPE,True,"['COVID-19', 'public health issues', 'vaccination', 'healthcare systems', 'health care systems', 'public health emergency', 'disease control']"
ID,True,"['COVID-19', 'vaccination', 'public health issues', 'healthcare systems', 'disease control', 'health policies']"
S&D,True,"['COVID-19', 'public health issues', 'pandemic', 'health crisis', 'disinformation']"
ID,True,"['economic crisis', 'Green Deal', 'industry', 'healthcare systems', 'economy']"
ECR,,[]
PPE,,[]
PPE,,[]
S&D,True,"['COVID-19', 'pandemic', 'public health', 'vaccine', 'well-being', 'health policies']"
PPE,,[]
Greens/EFA,,"['consumer protection', 'vulnerable consumers', 'sustainable choices']"
ALDE,,[]
ALDE,,[]
S&D,True,"['COVID-19', 'public health issues', 'vaccination', 'healthcare systems', 'public health emergency', 'disease control', 'pandemic', 'health policies']"
ECR,,[]
PPE,,"['migration crisis', 'asylum', 'migration policy']"
NI,True,"['COVID-19', 'vaccines', 'public health', 'healthcare systems', 'health policies', 'disease control']"
NI,,[]
ID,,[]
ALDE,True,"['post-COVID recovery', 'healthcare systems', 'public health']"
ECR,True,"['public health', 'health policies', 'treatment', 'drugs', 'pollutants', 'addiction']"
ECR,,"['debt', 'taxation', 'economic principles']"
ALDE,True,"['health crisis', 'elderly health', 'public health', 'health policies']"
PPE,True,"['COVID-19', 'public health issues', 'vaccination', 'healthcare systems', 'disease control', 'pandemic']"
GUE/NGL,,"['social goals', 'environmental goals']"
S&D,True,"['coronavirus', 'health', 'crisis management', 'public health']"
Greens/EFA,,[]
GUE/NGL,True,"['public health', 'pandemic', 'health policies']"
ECR,,[]
S&D,,[]
ECR,True,"['COVID-19', 'public health', 'health security', 'health policies', 'health of citizens']"
GUE/NGL,True,"['COVID-19', 'public health systems', 'vaccination', 'health policies', 'healthcare systems', 'disease control', 'pandemic', 'health emergency']"
S&D,True,"['life and health', 'vulnerable', 'recovery', 'health policies']"
Greens/EFA,True,"['COVID-19', 'public health issues', 'healthcare systems', 'disease control', 'pandemic']"
GUE/NGL,,[]
NI,True,"['public health', 'healthcare systems', 'disease control', 'public health emergency']"
Greens/EFA,True,"['COVID-19', 'public health issues', 'pandemic', 'health policies', 'healthcare systems']"
ID,,[]
NI,,[]
S&D,True,"['pandemic', 'economic recovery', 'climate change', 'public health']"
ALDE,True,"['housing and health', 'public health', 'health systems', 'health situations', 'health']"
S&D,,[]
Greens/EFA,,[]
PPE,,[]
PPE,,"['human rights', 'sanctions']"
ID,,[]
Greens/EFA,True,"['COVID-19', 'public health issues', 'healthcare systems', 'disease control', 'pandemic']"
S&D,,[]
S&D,True,"['public health', 'healthcare systems', 'crisis']"
ALDE,,[]
PPE,,"['asylum seekers', 'refugees', 'vulnerable populations', 'migration policy', 'border procedures']"
Greens/EFA,True,"['COVID-19', 'public health issues', 'vaccination', 'healthcare systems', 'hospitals', 'public health emergency', 'disease control', 'pandemic', 'health policies']"
NI,,"['forest management', 'sustainable forest management', 'bioeconomy', 'environmental protection']"
ID,,[]
ALDE,,[]
ID,True,"['public health', 'healthcare systems', 'disease control', 'pandemic', 'vaccination', 'COVID-19']"
Greens/EFA,True,"['public health systems', 'healthcare', 'COVID-19', 'health policies']"
PPE,True,"['COVID-19', 'public health issues', 'vaccination', 'healthcare systems', 'public health emergency', 'disease control', 'pandemic', 'health policies']"
PPE,True,"['COVID-19', 'public health', 'health policies']"
GUE/NGL,,[]
ECR,,[]
S&D,True,"['COVID-19', 'health crisis', 'public health', 'healthcare systems', 'medical equipment', 'medical staff', 'disease control']"
ECR,,[]
S&D,True,"['public health', 'healthcare systems', 'terrorism', 'organized crime', 'drugs', 'child sexual abuse']"
PPE,True,"['refugees', 'children', 'hunger', 'healthcare']"
ECR,,[]
ID,,[]
Greens/EFA,True,"['COVID-19', 'public health issues', 'healthcare systems', 'health safety measures', 'vaccination']"
Greens/EFA,True,"['COVID-19', 'public health issues', 'healthcare systems', 'disease control']"
ECR,,[]
ALDE,,[]
ALDE,,[]
ECR,,[]
ID,,[]
ALDE,True,"['public health', 'social policy', 'vulnerable populations', 'healthcare systems']"
S&D,True,"['COVID-19', 'public health', 'vaccination', 'healthcare systems', 'health']"
S&D,True,"['COVID-19', 'public health issues', 'vaccination', 'healthcare systems', 'hospitals', 'public health emergency', 'disease control', 'pandemic', 'health policies']"
ID,True,"['COVID-19', 'public health issues', 'health emergency', 'health policies', 'disease control']"
ID,,"['migration', 'border security', 'economic sanctions']"
PPE,,[]
GUE/NGL,,[]
S&D,,[]
ALDE,True,"['COVID-19', 'public health', 'vaccination', 'healthcare systems', 'hospitals', 'public health emergency', 'disease control', 'pandemic', 'health policies']"
S&D,,[]
PPE,,[]
ALDE,True,"['health crisis', 'economic challenges', 'health policies', 'healthcare systems']"
PPE,True,"['COVID-19', 'vaccination', 'public health issues', 'healthcare systems', 'disease control', 'pandemic']"
S&D,True,"['healthcare systems', 'hospitals', 'public health issues', 'disease control', 'COVID-19']"
S&D,True,"['pandemic', 'public health issues']"
ECR,,[]
S&D,,[]
ID,True,"['COVID-19', 'public health issues', 'healthcare systems', 'disease control', 'pandemic']"
ALDE,,"['biodiversity', 'environmental challenges', 'ecosystems', 'extinction', 'habitat restoration']"
GUE/NGL,True,"['cohesion funds', 'divergence', 'integration', 'public health']"
ECR,,[]
ALDE,,[]
PPE,,[]
ECR,,[]
PPE,,[]
ECR,,[]
PPE,True,"['COVID-19', 'public health issues', 'healthcare systems', 'disease control', 'pandemic']"
ALDE,,[]
NI,,[]
PPE,,[]
PPE,True,"['human health', 'healthy food', 'environmental burden']"
ALDE,True,"['public health crises', 'COVID-19', 'healthcare systems', 'health policies']"
PPE,True,"['COVID-19', 'public health issues', 'vaccination', 'healthcare systems', 'hospitals', 'public health emergency', 'disease control']"
ECR,,[]
NI,,[]
ALDE,True,"['human rights', 'public health', 'student wellbeing', 'prisoner health']"
PPE,True,"['COVID-19', 'public health', 'vaccination', 'healthcare systems']"
S&D,,[]
S&D,,[]
ECR,,[]
PPE,,[]
NI,True,"['COVID-19', 'public health issues', 'healthcare systems', 'disease control']"
ID,,[]
ID,,[]
S&D,True,"['COVID-19', 'public health', 'vaccination', 'healthcare systems', 'health policies', 'disease control', 'pandemic', 'public health emergency']"
ECR,,"['Venezuela', 'human rights', 'economic situation']"
GUE/NGL,,[]
PPE,,"['agriculture', 'environment', 'climate change', 'pesticides', 'antibiotics', 'biodiversity', 'animal well-being']"
S&D,True,"['COVID-19', 'coronavirus recession', 'crisis situations', 'health policies']"
ECR,,[]
Greens/EFA,,[]
S&D,True,"['conflict of interest', 'prevention', 'healthcare systems', 'public health issues']"
PPE,,[]
S&D,True,"['COVID-19', 'public health', 'health impacts', 'health policies', 'pandemic', 'disease control']"
ID,,[]
PPE,,[]
Greens/EFA,True,"['health', 'social policies', 'healthcare access']"
GUE/NGL,,[]
PPE,,[]
ID,,"['green transition', 'green policies', 'climate change']"
GUE/NGL,True,"['excess winter deaths', 'health service', 'virus', 'clinical trials', 'containment', 'public health']"
PPE,True,"['COVID-19', 'healthcare systems', 'public health issues']"
GUE/NGL,,"['economic policy', 'inequalities', 'climate crisis', 'innovation', 'Green Deal']"
S&D,,[]
S&D,,[]
S&D,,"['energy poverty', 'green leadership', 'clean energy']"
PPE,,"['pandemic', 'public health issues', 'trade policy', 'healthcare systems']"
GUE/NGL,,"['worker rights', 'trade union representatives', 'environmental impact', 'tax evasion', 'consumer rights']"
ID,True,"['COVID-19', 'public health issues', 'vaccination', 'healthcare systems', 'hospitals', 'public health emergency', 'disease control', 'pandemic']"
PPE,,[]
ECR,True,"['coronavirus epidemic', 'public health issues', 'healthcare systems']"
NI,,[]
Greens/EFA,True,"['COVID-19', 'public health issues', 'vaccination', 'healthcare systems', 'disease control', 'pandemic', 'health policies']"
PPE,,[]
ECR,,[]
ECR,,"['budget', 'healthcare systems', 'public health issues']"
Greens/EFA,,[]
S&D,,[]
ALDE,,[]
ALDE,True,"['public health', 'healthcare systems', 'medical services', 'hygiene conditions', 'medical treatment', 'social rights']"
S&D,True,"['COVID-19', 'public health issues', 'vaccination', 'healthcare systems', 'hospitals', 'public health emergency', 'disease control', 'pandemic', 'health policies']"
ALDE,,[]
S&D,True,"['public health', 'healthcare systems', 'health policies', 'disease control']"
S&D,True,"['COVID-19', 'public health issues', 'vaccination', 'healthcare systems', 'hospitals', 'public health emergency', 'disease control', 'pandemic', 'health policies']"
NI,True,"['COVID-19', 'public health issues', 'vaccination', 'healthcare systems', 'hospitals', 'public health emergency', 'disease control', 'pandemic', 'health policies']"
GUE/NGL,,[]
GUE/NGL,,[]
PPE,True,"['COVID-19', 'public health', 'health policies', 'health']"
ID,True,"['pandemic', 'ecological collapse', 'public health']"
NI,True,"['social pillar', 'wage gap', 'economic and structural differences']"
ECR,,[]
GUE/NGL,,[]
NI,,[]
S&D,True,"['COVID-19', 'public health measures', 'healthcare systems', 'health policies', 'public health emergency']"
Greens/EFA,,[]
ALDE,True,"[""citizens' rights"", 'mutual recognition of qualifications', 'entitlements']"
PPE,,[]
S&D,True,"['climate neutrality', 'emissions', 'infrastructure', 'social justice', 'transition', 'inequalities']"
S&D,True,"['public health', 'healthcare systems', 'disease control', 'green architecture', 'climate protection']"
PPE,,"['healthcare systems', 'public health issues']"
PPE,,[]
PPE,,[]
ALDE,,"['water scarcity', 'pollution', 'environmental damage', 'climate change']"
GUE/NGL,,[]
PPE,,[]
ALDE,,[]
ID,,[]
ALDE,True,"['food system', 'healthy food system', 'hygiene regulation', 'health hazard']"
S&D,,[]
S&D,True,"['climate neutrality', 'emissions', 'healthcare systems', 'social justice', 'transition', 'inequalities']"
PPE,,[]
ECR,,[]
ECR,,[]
S&D,True,"['inequality', 'social dumping', ""workers' rights"", 'health conditions', 'work safety']"
S&D,True,"['COVID-19', 'health', 'science', 'research', 'health union', 'healthcare']"
S&D,,[]
Greens/EFA,,[]
PPE,,[]
Greens/EFA,,[]
S&D,,[]
ALDE,,[]
ID,True,"['COVID-19', 'public health issues', 'vaccination', 'healthcare systems', 'hospitals', 'public health emergency', 'disease control', 'pandemic', 'health policies', 'elderly care']"
ID,True,"['homelessness', 'humanitarian disaster', 'epidemic']"
ID,,[]
Greens/EFA,,[]
ALDE,,[]
PPE,,[]
ECR,,[]
S&D,,"['refugees', 'human dignity', 'migration', 'healthcare systems', 'public health emergency']"
PPE,,[]
S&D,,[]
Greens/EFA,True,"['COVID-19', 'antibiotic resistance', 'public health issues', 'pandemic', 'health policies', 'disease control']"
S&D,,[]
ID,,[]
Greens/EFA,,[]
Greens/EFA,,[]
ALDE,,[]
S&D,,"['poisoning', 'assassination attempt', 'chemical nerve agent']"
GUE/NGL,,"['financial fraud', 'investor protection', 'regulatory failures', 'financial supervision']"
ALDE,,[]
ECR,,"['pandemic', 'price crisis', 'agricultural sector', 'agro-food sector', 'fishing sector']"
PPE,,[]
Greens/EFA,,"['supply chains', 'child labour', 'deforestation']"
S&D,True,"['public health', 'healthcare systems', 'disease control', 'pandemic', 'public health emergency']"
ECR,True,"['COVID-19', 'public health issues', 'vaccination', 'healthcare systems', 'public health emergency', 'disease control']"
ECR,True,"['COVID-19', 'public health issues', 'vaccination', 'healthcare systems', 'diseases', 'cancer treatment', 'bacterial infections', 'health policies']"
ALDE,,[]
S&D,True,"['COVID-19', 'public health', 'poverty', 'physical health', 'mental health', 'social security', 'health crisis', 'disease control']"
PPE,,"['immigrant flow', 'minors', 'food', 'sanitation', 'electricity', 'asylum policy', 'crime', 'education', 'humanitarian situation']"
GUE/NGL,True,"['COVID-19', 'public health issues', 'healthcare systems', 'vaccination', 'pandemic', 'disease control']"
Greens/EFA,,[]
Greens/EFA,,"['climate change', 'forests', 'biodiversity']"
PPE,,[]
PPE,True,"['corona', 'public health']"
GUE/NGL,True,"['public health', 'pandemic', 'health policies']"
ALDE,,[]
S&D,,[]
ECR,True,"['COVID-19 pandemic', 'healthcare systems', 'public health', 'health policies', 'vaccination', 'chronic diseases', 'disease control', 'health program']"
PPE,,"['climate disaster', 'decarbonization', 'energy efficiency', 'renewable energy policies']"
S&D,True,"['COVID-19', 'public health', 'health policies', 'healthcare systems', 'disease control', 'pandemic']"
PPE,,[]
S&D,,[]
PPE,True,"['public health', 'disinformation', 'confidence']"
PPE,,[]
PPE,True,"['COVID-19', 'public health issues', 'vaccination', 'healthcare systems', 'hospitals', 'public health emergency', 'disease control', 'pandemic', 'health policies']"
ID,True,"['public health cooperation', 'public health strategy', 'health consequences', 'health disaster', 'disease control', 'pandemic', 'healthcare systems']"
S&D,True,"['public health', 'healthcare systems', 'health policies', 'pandemic']"
ALDE,True,"['COVID-19', 'public health issues', 'health crisis', 'disease control']"
PPE,True,"['COVID-19', 'public health issues', 'vaccination', 'healthcare systems', 'public health emergency', 'disease control', 'pandemic', 'health policies']"
S&D,,"['violence against women', 'domestic violence', 'gender ideology']"
ECR,True,"['COVID-19', 'public health', 'health policies', 'economic recovery']"
ID,,[]
NI,,"['European funds', 'waste management', 'competition', 'economic policy']"
ALDE,True,"['COVID-19', 'public health', 'healthcare systems', 'disease control', 'pandemic', 'health policies']"
S&D,True,"['COVID-19', 'healthcare systems', 'public health issues']"
GUE/NGL,,[]
ECR,True,"['COVID-19', 'public health issues', 'healthcare systems']"
ALDE,True,"['COVID-19', 'public health', 'health policies', 'pandemic', 'disease control']"
S&D,,[]
ID,,[]
S&D,,[]
GUE/NGL,,[]
PPE,True,"['COVID-19', 'human rights', 'public health', 'healthcare systems', 'disease control']"
PPE,True,"['COVID-19', 'public health', 'vaccination', 'healthcare systems', 'public health emergency', 'disease control', 'pandemic', 'health policies']"
PPE,True,"['pandemic', 'public health', 'healthcare systems']"
ALDE,,[]
NI,,[]
ALDE,True,"['public health', 'pandemic', 'economic crisis', 'healthcare systems', 'health policies']"
PPE,True,"['public health issues', 'healthcare systems', 'disease control', 'pandemic', 'health policies']"
PPE,True,"['COVID-19', 'public health', 'recovery process', 'healthcare systems']"
PPE,True,"['COVID-19', 'health crisis', 'medical reserves', 'health policies', 'public health issues']"
S&D,,"['energy investments', 'emissions reduction', 'renewable energy investments', 'investment environment']"
GUE/NGL,,"['human rights', 'migration']"
ALDE,True,"['health crisis', 'public health']"
S&D,True,"['rule of law', 'human rights', 'corruption', 'public health']"
ID,,[]
S&D,True,"['humanitarian crisis', 'asylum', 'migration', 'vulnerable people', 'public health']"
PPE,,[]
S&D,,"['EU passport', 'citizenship', 'investments']"
ALDE,,[]
ID,,"['migration', 'refugee camp', 'humanitarian crisis', 'migration policy', 'solidarity']"
PPE,,[]
PPE,True,"['COVID-19', 'public health issues', 'vaccination', 'healthcare systems', 'disease control', 'pandemic', 'health policies']"
S&D,True,"['crisis', 'European response', 'citizens', 'families', 'states']"
NI,,[]
PPE,True,"['COVID-19', 'public health issues', 'vaccination', 'healthcare systems', 'public health emergency', 'disease control', 'pandemic', 'health policies']"
S&D,True,"['COVID-19', 'public health issues', 'vaccination', 'healthcare systems', 'hospitals', 'public health emergency', 'disease control', 'pandemic', 'health policies']"
GUE/NGL,,[]
S&D,True,"['COVID-19', 'public health', 'vaccination', 'healthcare systems', 'public health emergency', 'disease control', 'pandemic']"
PPE,,[]
S&D,,[]
S&D,True,"['public health risk', 'infectious diseases', 'animal welfare', 'genetic defects', 'behavioural problems', 'health']"
PPE,,[]
PPE,True,"['COVID-19', 'public health', 'vaccination', 'healthcare systems', 'health policies', 'disease control', 'pandemic', 'health risks']"
Greens/EFA,,[]
ALDE,,[]
GUE/NGL,,[]
Greens/EFA,,[]
S&D,,[]
ECR,,[]
GUE/NGL,,[]
S&D,True,"['recovery plan', 'European Pillar of Social Rights', 'economic recovery', 'digital transformation', 'poverty', 'European Union of Health', 'public health']"
S&D,,[]
PPE,True,"['COVID-19', 'public health issues', 'information', 'media manipulation', 'healthcare systems', 'pandemic', 'disease control']"
PPE,True,"['plague', 'public health debate', 'implementing acts', 'modified foods', 'pesticides', 'healthcare systems']"
S&D,True,"['COVID-19', 'public health issues', 'disease control', 'pandemic', 'healthcare systems']"
ID,,"['tax evasion', 'money laundering', 'corruption', 'mafia']"
ID,True,"['COVID-19', 'public health issues', 'vaccination', 'healthcare systems', 'hospitals', 'public health emergency', 'disease control', 'pandemic', 'health policies']"
ID,,"['healthcare systems', 'public health issues']"
PPE,,"['illegal migration', 'border control', 'human trafficking']"
GUE/NGL,,[]
ECR,True,"['public health', 'vaccination', 'healthcare systems', 'disease control', 'pandemic', 'health policies']"
ALDE,,[]
S&D,True,"['COVID-19', 'public health issues', 'healthcare systems', 'disease control']"
NI,,[]
PPE,,"['gang crime', 'security', 'border controls']"
Greens/EFA,True,"['COVID-19', 'public health issues', 'healthcare systems', 'disease control', 'pandemic']"
ECR,,[]
PPE,,[]
S&D,True,"['coronavirus epidemic', 'new diseases', 'medical research', 'public health']"
Greens/EFA,,[]
PPE,,[]
S&D,,"['migration', 'asylum', 'vulnerability']"
ECR,True,"['public health issues', 'vaccination', 'healthcare systems', 'disease control', 'pandemic', 'health policies', 'COVID-19']"
ALDE,,[]
Greens/EFA,,[]
NI,,[]
PPE,,[]
GUE/NGL,,[]
ID,,[]
ALDE,,[]
S&D,True,"['economic crisis', 'social and economic impacts', 'recovery package', 'European economic system']"
Greens/EFA,,[]
PPE,,[]
ECR,,[]
S&D,,[]
Greens/EFA,True,"['pandemic', 'public health', 'health policies', 'disease control']"
S&D,True,"['health crisis', 'public health', 'health treatment', 'health policies', 'health uncertainty', 'pandemic']"
PPE,True,"['economic recovery', 'public finances', 'debt', 'competitiveness', 'budgetary process']"
NI,,[]
PPE,,[]
PPE,True,"['COVID-19', 'public health issues', 'vaccination', 'healthcare systems', 'disease control', 'pandemic']"
S&D,,[]
ECR,True,"['COVID-19', 'public health issues', 'vaccination', 'healthcare systems', 'hospitals', 'public health emergency', 'disease control', 'pandemic', 'health policies']"
S&D,,[]
ID,,[]
ID,,"['social security systems', 'data protection', 'social dumping', 'globalism']"
GUE/NGL,,[]
S&D,,[]
PPE,True,"['COVID-19', 'public health issues', 'vaccination', 'healthcare systems', 'hospitals', 'public health emergency', 'disease control', 'pandemic', 'health policies']"
PPE,,[]
ECR,,[]
Greens/EFA,,[]
ID,,[]
Greens/EFA,,[]
ECR,,[]
PPE,,[]
ID,,"['healthcare systems', 'public health issues']"
GUE/NGL,True,"['COVID-19', 'public health issues', 'healthcare systems', 'disease control', 'pandemic']"
PPE,,[]
PPE,True,"['Green Deal', 'cancer', 'climate emissions reductions', 'climate and environment policies', 'digital research and innovation']"
PPE,,"['healthcare systems', 'public health']"
Greens/EFA,,[]
PPE,,[]
PPE,,[]
PPE,True,"['public health', 'health policies', 'disease control']"
ID,,[]
PPE,,"['housing', 'economic issue', 'social issue']"
Greens/EFA,,[]
ID,,[]
ALDE,True,"['public health', 'healthcare systems', 'migration', 'immigration', 'demographic challenges']"
ECR,,[]
PPE,,[]
Greens/EFA,,[]
Greens/EFA,,[]
PPE,,"['agriculture', 'farmers', 'land owners', 'environmental action', 'climate action']"
GUE/NGL,,"['austerity', 'economic governance', 'social housing', 'homelessness']"
PPE,True,"['human health', 'biodiversity', 'public health']"
GUE/NGL,True,"['COVID-19', 'public health issues', 'vaccination', 'healthcare systems', 'hospitals', 'public health emergency', 'disease control', 'pandemic', 'health policies']"
ECR,True,"['coronavirus crisis', 'pandemic', 'public health', 'health policies', 'healthcare systems']"
ALDE,,"['minority issues', 'inclusive education', 'linguistic diversity', 'statelessness', 'minority schools']"
PPE,,[]
S&D,,[]
ID,,[]
S&D,True,"['COVID-19', 'public health issues', 'vaccination', 'healthcare systems', 'hospitals', 'public health emergency', 'disease control', 'pandemic']"
PPE,,[]
ECR,,[]
ALDE,,[]
PPE,True,"['public health', 'natural disasters', 'economic losses', 'healthcare systems', 'environmental damage']"
PPE,True,"['public health', 'healthcare systems', 'health policies', 'COVID-19']"
S&D,,[]
S&D,,[]
ALDE,,[]
PPE,,[]
GUE/NGL,,[]
ALDE,,[]
GUE/NGL,True,"['public health', 'health and hygiene', 'health services', 'health']"
S&D,,[]
ECR,,[]
GUE/NGL,,[]
PPE,True,"['climate change', 'public health', 'pandemic', 'healthcare systems']"
PPE,True,"['public health', 'healthcare systems', 'pandemic', 'sexual education', 'health care']"
NI,,[]
GUE/NGL,True,"['public health', 'healthcare systems', 'hospitals', 'disease control', 'health policies']"
NI,True,"['COVID-19', 'public health issues', 'vaccination', 'healthcare systems', 'disease control', 'pandemic', 'public health emergency']"
PPE,True,"['public health', 'healthcare systems', 'disease control', 'health policies']"
PPE,,[]
PPE,,[]
PPE,,[]
ALDE,,[]
ALDE,,"['sanctions', 'government compliance', 'rule of law', 'international credibility']"
S&D,,[]
GUE/NGL,True,"['public health', 'pandemic', 'health policies', 'healthy food']"
GUE/NGL,,"['poverty', 'retirement age']"
S&D,True,"['COVID-19', 'public health issues', 'vaccination', 'healthcare systems', 'disease control', 'health policies', 'pandemic']"
S&D,,[]
ID,,"['poverty', 'social justice', 'net wages']"
PPE,,[]
PPE,True,"['public health', 'healthcare systems', 'vulnerable citizens', 'uncertainty and anxiety']"
ECR,True,"['COVID-19', 'public health', 'healthcare systems', 'disease control']"
PPE,,"['public health', 'human rights', 'freedom of speech', 'media harassment', 'arrests']"
S&D,,"['energy transformation', 'air quality', 'carbon emitter']"
PPE,True,"['COVID-19', 'public health issues', 'vaccination', 'healthcare systems']"
ECR,,[]
ID,,[]
S&D,True,"['human health', 'public health']"
GUE/NGL,,[]
PPE,,[]
ALDE,,[]
GUE/NGL,,"['refugees', 'syria', 'war criminals']"
S&D,True,"['COVID-19', 'public health issues', 'vaccination', 'healthcare systems', 'health crisis', 'health policies', 'disease control', 'pandemic']"
ALDE,,[]
S&D,,[]
S&D,,[]
S&D,True,"['COVID-19', 'public health', 'vaccination', 'healthcare systems', 'diseases', 'pandemic', 'health policies']"
Greens/EFA,True,"['agro-ecological transition', 'sustainable transform', 'food systems', 'pesticides', 'biodiversity', 'greenhouse gas emissions', 'food sovereignty', 'public health issues']"
PPE,,[]
ECR,True,"['COVID-19', 'public health issues', 'vaccination', 'healthcare systems', 'public health emergency', 'disease control', 'pandemic']"
ECR,True,"['COVID-19', 'public health issues', 'healthcare systems', 'disease control', 'pandemic']"
ALDE,True,"['public health', 'climate action', 'carbon footprint', 'environmental health', 'green deal']"
PPE,,[]
PPE,,[]
GUE/NGL,,[]
PPE,True,"['pandemic', 'public health', 'health policies', 'disease control']"
Greens/EFA,True,"['migration', 'humanitarian crisis', 'healthcare', 'trauma', 'sustenance', 'medication']"
S&D,,[]
Greens/EFA,,[]
PPE,,[]
ALDE,,[]
PPE,True,"['public health', 'pandemic', 'economic recovery', 'health policies']"
Greens/EFA,,[]
PPE,True,"['public health', 'consumer protection', 'vaccination', 'healthcare systems', 'disease control', 'pandemic', 'health policies']"
PPE,True,"['COVID-19', 'public health', 'disinformation', 'health care information', 'health policies']"
ALDE,True,"['pandemic', 'economic consequences', 'public health']"
S&D,True,"['pandemic', 'economic crisis', 'health policies', 'public health issues']"
S&D,,[]
GUE/NGL,True,"['refugees', 'human rights', 'legal access', 'climate refugees']"
S&D,,[]
S&D,,[]
PPE,True,"['COVID-19', 'pandemic', 'public health', 'healthcare systems']"
ID,,[]
ID,True,"['public health', 'healthcare systems', 'economic crisis', 'disease control', 'COVID-19']"
S&D,True,"['public health', 'health policies', 'health', 'food safety']"
S&D,,[]
PPE,,[]
ECR,,[]
PPE,,[]
ID,True,"['COVID-19', 'public health issues', 'vaccination', 'healthcare systems', 'hospitals', 'public health emergency', 'disease control', 'pandemic', 'health policies']"
S&D,True,"['workers’ rights', 'work environment', 'work and safety']"
ALDE,,[]
ECR,,[]
PPE,True,"['public health', 'vaccines', 'animal welfare', 'consumer protection', 'disease control']"
ID,,"['agriculture', 'jobs', 'farmers', 'aid']"
PPE,,[]
ID,True,"['COVID-19', 'public health issues', 'vaccination', 'healthcare systems', 'hospitals', 'public health emergency', 'disease control', 'pandemic']"
Greens/EFA,,[]
ECR,,[]
NI,,[]
PPE,True,"['rule of law', 'public health', 'political harassment']"
Greens/EFA,,[]
ALDE,True,"['migration and asylum', 'trauma', 'post-traumatic stress', 'healthcare systems', 'public health issues']"
PPE,,[]
ECR,True,"['COVID-19', 'public health issues', 'healthcare systems', 'disease control', 'pandemic', 'health policies']"
GUE/NGL,True,"['pandemic', 'public health', 'lives', 'hunger', 'poverty', 'climate protection']"
S&D,True,"['COVID-19', 'public health issues', 'vaccination', 'healthcare systems', 'disease control', 'pandemic']"
S&D,,"['agriculture', 'land use', 'water use', 'subsidy']"
S&D,,"['consumer protection', 'access to justice', 'compensation', 'consumer rights']"
PPE,,"['energy poverty', 'financial difficulties', 'energy accounts']"
GUE/NGL,,[]
ECR,,[]
NI,True,"['COVID-19', 'public health issues', 'vaccination', 'healthcare systems', 'hospitals', 'public health emergency', 'disease control', 'pandemic']"
ID,,[]
S&D,True,"['public health', 'healthcare systems', 'regional disparities']"
PPE,,[]
ID,True,"['medical emergency', 'public health', 'healthcare']"
ECR,True,"['health', 'budgets', 'social programs']"
PPE,True,"['COVID-19', 'public health issues', 'pandemic', 'health policies']"
S&D,,[]
NI,,[]
PPE,,[]
ID,True,"['public health', 'healthcare systems', 'family policy', 'gender theory']"
ECR,,[]
S&D,,[]
ALDE,,"['gender violence', 'violence against women', 'murders']"
NI,True,"['COVID-19', 'public health', 'healthcare systems', 'pandemic', 'disease control', 'health policies']"
PPE,,[]
S&D,,[]
Greens/EFA,True,"['pandemic', 'health crisis', 'recovery']"
ID,,"['climate measures', 'emission trading system', 'industrial companies', 'employment', 'social benefits']"
ALDE,True,"['COVID-19', 'public health issues', 'vaccination', 'healthcare systems', 'hospitals', 'public health emergency', 'disease control', 'pandemic']"
GUE/NGL,,"['social', 'environmental', 'cohesion regions', 'climate change']"
S&D,True,"['COVID-19', 'pandemic', 'vaccination', 'public health', 'health policies', 'disease control', 'healthcare systems']"
ALDE,True,"['public health', 'healthcare systems', 'consumer protection']"
S&D,True,"['public health', 'healthcare systems', 'homeless people', 'social categories', 'disease control', 'health policies']"
PPE,,[]
ALDE,,[]
Greens/EFA,,[]
Greens/EFA,,[]
PPE,True,"['public health', 'health policies', 'healthcare systems']"
ECR,,[]
ALDE,True,"['public health', 'animal welfare']"
ECR,True,"['pandemic', 'public health', 'economic security', 'health policies']"
S&D,,[]
ID,,"['gender parity', 'unemployment', 'transfer benefits']"
PPE,,[]
Greens/EFA,,[]
GUE/NGL,True,"['public health services', 'healthcare systems', 'hospitals', 'vaccination', 'disease control', 'public health emergency', 'COVID-19']"
S&D,True,"['public health', 'pandemic', 'health policies', 'environment and health']"
Greens/EFA,True,"['public health', 'healthcare systems', 'health policies', 'vulnerable citizens']"
PPE,True,"['COVID-19', 'public health issues', 'vaccination', 'healthcare systems', 'hospitals', 'public health emergency', 'disease control', 'pandemic', 'health policies']"
Greens/EFA,True,"['COVID-19', 'public health', 'healthcare systems', 'health']"
PPE,True,"['pandemic', 'public health', 'disease control', 'healthcare systems']"
ALDE,,[]
ID,,[]
ALDE,,[]
ECR,,[]
S&D,,[]
ALDE,,"['economic policy', 'financial government policy', 'budget rules', 'cyclical policies']"
Greens/EFA,True,"['COVID-19', 'public health issues', 'humanitarian emergency']"
S&D,,[]
ALDE,True,"['COVID-19', 'vaccine', 'public health issues', 'health policies']"
ECR,,[]
Greens/EFA,,[]
PPE,True,"['COVID-19', 'health issues', 'humanitarian consequences', 'economic and social effects', 'development needs']"
ECR,,"['water resources', 'water quality', 'drinking water']"
ECR,,[]
S&D,True,"['damage control', 'citizens’ rights', 'common challenges', 'health policies']"
PPE,True,"['elderly people', 'terminally ill', 'disabled', 'reduced immunity', 'long-term care centers', 'healthcare workers', 'staff remuneration', 'viral transmission', 'mortality', 'isolation', 'public health emergency', 'epidemic', 'protection equipment', 'public health issues']"
S&D,,[]
ID,,[]
ECR,True,"['coronavirus pandemic', 'food safety', 'agriculture', 'public health', 'sustainable agriculture', 'food security']"
PPE,True,"['COVID-19', 'epidemic', 'healthcare systems', 'disease control', 'public health issues']"
GUE/NGL,,[]
PPE,True,"['COVID-19', 'public health issues', 'healthcare systems', 'health sector', 'pandemic']"
S&D,,[]
ECR,True,"['COVID-19', 'public health', 'infection', 'health policies', 'disease control']"
ECR,True,"['COVID-19', 'public health issues', 'vaccination', 'healthcare systems', 'hospitals', 'public health emergency', 'disease control', 'pandemic']"
Greens/EFA,,[]
ECR,True,"['COVID-19', 'public health issues', 'healthcare systems', 'disease control', 'pandemic', 'crisis']"
ALDE,True,"['COVID-19', 'public health', 'health security', 'health policies']"
ID,,[]
PPE,,[]
Greens/EFA,,"['human rights', 'democratic reforms', 'trade']"
Greens/EFA,,[]
ECR,,['human rights issues']
ID,,[]
PPE,,[]
ALDE,True,"['health policy', 'public health issues']"
S&D,,[]
S&D,True,"['public health', 'healthcare systems', 'citizens', 'disease control']"
ALDE,,[]
Greens/EFA,True,"['economic crisis', 'public health', 'health system', 'healthcare']"
GUE/NGL,,[]
S&D,,[]
PPE,,[]
S&D,,[]
S&D,,[]
ALDE,,[]
S&D,True,"['COVID-19', 'pandemic', 'public health issues', 'health policies', 'healthcare systems']"
GUE/NGL,,"['healthcare systems', 'public health']"
ID,True,"['public health', 'pandemic', 'health of citizens']"
ALDE,,"['economic crisis', 'COVID-19']"
GUE/NGL,,[]
PPE,,[]
S&D,True,"['COVID-19', 'public health issues', 'health policies', 'healthcare systems']"
GUE/NGL,True,"['climate issues', 'environmental practice', 'emissions', 'public health emergency', 'carbon footprint']"
ALDE,True,"['COVID-19', 'public health crisis', 'disease control', 'health policies', 'vaccination']"
S&D,True,"['public health emergency', 'pandemic', 'healthcare systems', 'health policies']"
PPE,,[]
GUE/NGL,,[]
S&D,,[]
ECR,,[]
S&D,True,"['COVID-19', 'public health issues', 'vaccination', 'healthcare systems', 'disease control', 'pandemic', 'health policies']"
S&D,,[]
GUE/NGL,,[]
ALDE,,[]
ALDE,,[]
PPE,True,"['COVID-19', 'public health issues', 'vaccination', 'healthcare systems', 'hospitals', 'public health emergency', 'disease control', 'pandemic', 'health policies']"
Greens/EFA,,[]
PPE,,[]
ALDE,,"['climate change', 'droughts', 'floods', 'emissions']"
Greens/EFA,,"['minority rights', 'language rights', 'social services', 'discrimination']"
Greens/EFA,,[]
GUE/NGL,,"['housing', 'social degradation', 'public services']"
ID,,[]
ALDE,True,"['COVID-19', 'public health issues', 'vaccination', 'healthcare systems', 'hospitals', 'public health emergency', 'disease control', 'pandemic', 'health policies']"
ECR,,[]
S&D,,"['migration', 'asylum', 'security', 'cross-border crime']"
ALDE,True,"['COVID-19', 'public health issues', 'vaccination', 'healthcare systems', 'public health emergency', 'disease control', 'pandemic']"
GUE/NGL,,"['conflict', 'poverty', 'displacement', 'environmental damage']"
S&D,,[]
PPE,,[]
GUE/NGL,,[]
PPE,,[]
Greens/EFA,,"['humanitarian disaster', 'war crimes', 'local people', 'negotiation']"
PPE,True,"['public health', 'health policies', 'disease control']"
ECR,True,"['epidemic', 'public health', 'health policies', 'disease control']"
ECR,,[]
ALDE,,[]
GUE/NGL,True,"['COVID-19', 'healthcare', 'health policies', 'health']"
Greens/EFA,True,"['healthcare system', 'public health', 'health policies', 'disease control', 'health emergencies']"
PPE,,"['refugees', 'migration', 'humanitarian aid', 'shelters', 'refugee facilities']"
NI,,[]
S&D,,[]
S&D,True,"['COVID-19', 'public health issues', 'vaccination', 'healthcare systems', 'hospitals', 'public health emergency', 'disease control', 'pandemic', 'health policies']"
S&D,True,"['COVID-19', 'public health issues', 'vaccination', 'healthcare systems', 'hospitals', 'public health emergency', 'disease control', 'pandemic', 'health policies']"
PPE,,[]
PPE,,"['Ammohost', 'Cyprus', 'human right to return', 'healthcare systems']"
ALDE,True,"['public health', 'health of citizens', 'health policies', 'risk management', 'endocrine disruptors', 'neurotoxic drugs', 'health']"
Greens/EFA,,[]
ECR,,[]
PPE,True,"['COVID-19', 'public health issues', 'healthcare systems', 'disease control', 'pandemic', 'vaccination']"
Greens/EFA,True,"['COVID-19', 'public health issues', 'vaccination', 'healthcare systems', 'public health emergency', 'disease control', 'pandemic']"
S&D,True,"['COVID-19', 'public health issues', 'healthcare systems', 'disease control', 'pandemic']"
PPE,,[]
S&D,,"['sustainable recovery', 'energy efficiency', 'transition challenges', 'just transition']"
PPE,True,"['COVID-19', 'public health issues', 'health union', 'healthcare systems']"
NI,True,"['COVID-19', 'public health issues', 'health policies', 'disease control']"
S&D,True,"['COVID-19', 'public health issues', 'vaccination', 'healthcare systems', 'public health emergency', 'disease control', 'pandemic', 'health policies']"
PPE,,[]
S&D,True,"['COVID-19', 'public health crisis', 'public health threats', 'health policies', 'healthcare systems', 'disease control']"
GUE/NGL,True,"['mining disaster', 'public health', 'investments', 'human rights', 'healthcare']"
ALDE,,[]
PPE,True,"['health policy', 'infectious diseases', 'intensive therapy', 'healthcare costs', 'public health emergency', 'disease control', 'COVID-19']"
PPE,True,"['COVID-19', 'public health issues', 'vaccination', 'healthcare systems', 'hospitals', 'public health emergency', 'disease control', 'pandemic', 'health policies']"
S&D,,[]
ID,True,"['COVID-19', 'public health issues', 'vaccination', 'healthcare systems', 'hospitals', 'public health emergency', 'disease control', 'pandemic', 'health policies']"
PPE,True,"['public health', 'pandemic', 'tourism industry', 'healthcare systems']"
ECR,True,"['drinking water', 'water supply', 'safe drinking water', 'environment', 'public health']"
PPE,True,"['healthcare systems', 'public health issues', 'health policies', 'pandemic', 'disease control']"
PPE,,[]
ECR,,[]
GUE/NGL,True,"['public health service', 'public health issues', 'healthcare systems']"
S&D,,[]
S&D,,[]
GUE/NGL,True,"['public health crisis', 'health', 'human rights']"
PPE,,[]
PPE,,[]
PPE,,[]
NI,,[]
ID,,[]
Greens/EFA,True,"['animal health', 'soil health', 'ecosystems']"
ECR,,"['disinformation', 'information reliability']"
PPE,,"['online rights', 'vulnerable children', 'harmful online content', 'digital education', 'age verification', 'parental control systems']"
ECR,True,"['public health', 'human rights', 'healthcare systems']"
PPE,True,"['COVID-19', 'public health issues', 'vaccination', 'healthcare systems', 'health policies', 'disease control', 'pandemic']"
S&D,True,"['public health', 'healthcare systems', 'pandemic', 'health policies']"
S&D,True,"['COVID-19', 'pandemic', 'public health', 'health policies']"
PPE,,[]
PPE,,"['transition', 'economic impact', 'job creation', 're-qualification']"
S&D,,[]
S&D,,"['climate crisis', 'environmental progress', 'sustainable growth', 'social well-being']"
ALDE,True,"['COVID-19', 'public health issues', 'vaccination', 'healthcare systems', 'public health emergency', 'disease control', 'pandemic']"
NI,,[]
NI,,[]
PPE,,[]
ECR,,"['water scarcity', 'water resources', 'water infrastructure', 'water supply']"
ID,True,"['health crisis', 'health or ecological collapse', 'quality matters more than quantity', 'public health']"
Greens/EFA,,"['corruption', 'rule of law', 'public funds', 'judicial independence', 'media freedom']"
ECR,,[]
S&D,,[]
S&D,,[]
ID,True,"['COVID-19', 'public health issues', 'vaccination', 'healthcare systems', 'public health emergency', 'disease control', 'pandemic']"
GUE/NGL,,[]
ID,,[]
PPE,True,"['pandemic', 'public health', 'healthcare systems', 'health policies']"
PPE,True,"['COVID-19 epidemic', 'public health', 'refugees camps', 'health policies', 'disease control']"
ALDE,,[]
GUE/NGL,,[]
Greens/EFA,,[]
S&D,,"['sustainable investment', 'transition fund', 'tax reform']"
PPE,,[]
S&D,,[]
ECR,True,"['public health', 'healthcare systems', 'disease control', 'protests']"
PPE,True,"['COVID-19', 'public health issues', 'vaccination', 'healthcare systems', 'disease control', 'pandemic', 'public health emergency']"
PPE,,[]
Greens/EFA,,[]
ALDE,,[]
ECR,True,"['COVID-19', 'public health issues', 'healthcare systems', 'disease control', 'pandemic']"
NI,,[]
S&D,True,"['COVID-19', 'public health issues', 'vaccination', 'healthcare systems', 'health damage', 'health policies']"
Greens/EFA,True,"['COVID-19', 'public health issues', 'vaccination', 'healthcare systems', 'public health emergency', 'disease control', 'pandemic']"
ALDE,True,"['COVID-19', 'public health issues', 'vaccination', 'healthcare systems', 'disease control', 'pandemic', 'health policies']"
ALDE,,[]
S&D,,[]
GUE/NGL,,[]
PPE,,[]
ECR,,[]
ECR,,[]
S&D,,"['citizens’ rights', 'vulnerable citizens', 'Brexit implications']"
S&D,True,"['pandemic', 'public health issues', 'disease control', 'health policies']"
NI,,[]
S&D,,[]
GUE/NGL,,[]
S&D,True,"['health crisis', 'public health', 'vaccines', 'testing strategies', 'quarantine period', 'health policies']"
S&D,,[]
ALDE,True,"['human rights violations', 'deteriorating health', 'imprisoned']"
GUE/NGL,,[]
PPE,,[]
Greens/EFA,,"['financial supervision', 'capital market union', 'economic nationalism']"
S&D,,[]
GUE/NGL,,[]
PPE,,[]
ID,,[]
ECR,True,"['COVID-19', 'health crisis', 'health emergency', 'health policies']"
PPE,True,"['COVID-19', 'public health issues', 'vaccination', 'healthcare systems', 'public health emergency', 'disease control']"
Greens/EFA,,"['human rights', 'refugees', 'border security', 'humanitarian crises']"
NI,True,"['COVID-19', 'public health', 'vaccination', 'healthcare systems', 'disease control', 'pandemic', 'health policies']"
PPE,,[]
ECR,,[]
ID,,[]
PPE,,[]
S&D,True,"['COVID-19', 'public health issues', 'pandemic', 'health policies']"
S&D,,[]
ALDE,,"['ecological pact', 'Green Deal', 'inclusive society', 'job creation', 'digital technologies', 'vocational education', 'economic growth']"
NI,True,"['healthcare systems', 'public health issues', 'organ transplantation', 'health system']"
PPE,,[]
S&D,,[]
PPE,,"['energy security', 'Cohesion Policy']"
ID,,[]
S&D,,"['social consequences', 'energy-consuming industry', 'transformation']"
GUE/NGL,,"['food security', 'agriculture']"
S&D,,[]
PPE,,"['electronic waste', 'environmental impact', 'natural resources']"
ID,,[]
ID,,[]
ALDE,,[]
S&D,,[]
NI,,[]
S&D,,[]
GUE/NGL,True,"['public health', 'healthcare systems', 'protests', 'human rights']"
GUE/NGL,,[]
Greens/EFA,,[]
S&D,,[]
NI,True,"['public health', 'health impact', 'health of citizens', 'disease control']"
PPE,,"['social protection', 'environmental protection', 'consumer protection', 'data protection', 'financial services']"
PPE,,[]
PPE,,[]
Greens/EFA,,[]
Greens/EFA,,"['climate change', 'emissions reduction', 'climate neutrality']"
S&D,,[]
GUE/NGL,,[]
ID,,[]
Greens/EFA,,[]
Greens/EFA,True,"['vaccines', 'public health', 'healthcare systems']"
S&D,,[]
NI,,[]
Greens/EFA,True,"['public health', 'healthcare systems']"
Greens/EFA,True,"['COVID-19', 'public health issues', 'vaccination', 'healthcare systems', 'health policies', 'pandemic', 'disease control']"
S&D,True,"['COVID-19', 'public health issues', 'vaccination', 'healthcare systems', 'hospitals', 'public health emergency', 'disease control', 'pandemic', 'health policies']"
S&D,True,"['COVID-19', 'public health issues', 'healthcare systems', 'disease control', 'pandemic']"
PPE,,[]
ALDE,,"['tax haven', 'money laundering', 'tax avoidance', 'welfare state']"
PPE,,[]
ECR,,"['fishermen', 'fishing', 'healthcare systems']"
ID,True,"['health crisis', 'public health', 'disease control', 'vaccination']"
S&D,,[]
ALDE,True,"['regional development', 'research and innovation', 'education', 'healthcare systems']"
S&D,,[]
ECR,,[]
PPE,,[]
ID,,[]
S&D,,[]
ALDE,,"['homelessness', 'poverty', 'social housing', 'social investment']"
ALDE,True,"['public health', 'healthcare systems', 'health policies', 'health']"
ID,,[]
PPE,True,"['COVID-19', 'vaccination', 'public health', 'healthcare systems', 'disease control', 'public health emergency']"
PPE,,[]
PPE,True,"['COVID-19', 'healthcare systems', 'public health issues', 'disease control', 'health policies', 'pandemic']"
ID,,[]
PPE,,[]
PPE,True,"['COVID-19', 'public health issues', 'vaccination', 'healthcare systems', 'hospitals', 'public health emergency', 'disease control', 'pandemic', 'health policies']"
PPE,,[]
ECR,,[]
ECR,,[]
ECR,True,"['COVID-19', 'outbreak', 'disease', 'public health', 'health policies']"
ALDE,True,"['pandemic', 'public health']"
PPE,True,"['COVID-19', 'public health issues', 'vaccination', 'healthcare systems', 'hospitals', 'public health emergency', 'disease control', 'pandemic', 'health policies']"
S&D,,"['deforestation', 'forests', 'ecosystems', 'consumption', 'human rights']"
ALDE,,[]
NI,True,"['social security', 'health', 'care services', 'public health']"
PPE,,[]
S&D,True,"['child labour', 'health', 'dangerous conditions', 'breathing harmful powder', 'wounds']"
ID,,[]
ECR,,[]
PPE,True,"['COVID-19', 'public health issues', 'vaccination', 'healthcare systems', 'hospitals', 'public health emergency', 'disease control', 'pandemic', 'health policies']"
NI,,"['public health', 'healthcare systems', 'disease control']"
GUE/NGL,True,"['social security', 'healthcare systems', 'workers', 'social contributions']"
S&D,,[]
S&D,,"['ecological transition', 'climate emergency']"
S&D,True,"['COVID-19', 'public health', 'healthcare systems', 'disease control']"
NI,,[]
PPE,,[]
PPE,True,"['pandemic', 'disinformation', 'public health']"
Greens/EFA,,[]
S&D,,[]
GUE/NGL,,[]
PPE,True,"['COVID-19', 'public health', 'pandemic', 'epidemic', 'health policies']"
Greens/EFA,,[]
NI,,[]
PPE,True,"['COVID-19 pandemic', 'health', 'socio-economic ruins', 'vulnerable groups', 'unemployed', 'health policies', 'public health emergency']"
PPE,True,"['economic crisis', 'migration crises', 'terrorist attacks', 'epidemic situation', 'demographic challenges', 'aging societies', 'public health']"
Greens/EFA,True,"['COVID-19', 'public health issues', 'healthcare systems', 'disease control', 'pandemic']"
ID,,"['agriculture', 'food security', 'supply chains', 'regional development']"
PPE,,[]
ALDE,,[]
PPE,,[]
Greens/EFA,,"['climate change', 'ecological impact', 'agricultural impact', 'damage assessment', 'disaster relief', 'regional development fund', 'solidarity fund', 'coastline protection']"
ECR,,[]
ALDE,True,"['public health', 'health of consumers', 'health policies']"
ALDE,,[]
PPE,,[]
ID,,[]
Greens/EFA,True,"['COVID-19', 'public health issues', 'vaccination', 'healthcare systems', 'public health emergency', 'disease control']"
PPE,True,"['forest health', 'renewable resources', 'public health']"
S&D,True,"['COVID-19', 'public health issues', 'healthcare systems', 'disease control', 'pandemic']"
GUE/NGL,,[]
ECR,,[]
NI,,[]
ALDE,True,"['public health', 'healthcare systems', 'disease control', 'pandemic', 'health policies', 'health']"
ALDE,,[]
GUE/NGL,,[]
S&D,True,"['COVID-19', 'public health issues', 'healthcare systems', 'disease control', 'pandemic']"
GUE/NGL,,[]
ALDE,True,"['COVID-19', 'public health issues', 'vaccination', 'healthcare systems', 'hospitals', 'public health emergency', 'disease control', 'pandemic', 'health policies']"
ALDE,,[]
PPE,,[]
S&D,True,"['comitology', 'delegated powers', 'transparency', 'democracy', 'healthcare systems']"
ECR,,[]
Greens/EFA,True,"['healthcare', 'health care', 'public health']"
ID,,[]
ID,,[]
S&D,,[]
Greens/EFA,,[]
ALDE,,[]
ID,,[]
ECR,,[]
ALDE,,[]
S&D,True,"['COVID-19', 'public health issues', 'vaccination', 'healthcare systems', 'health policies', 'pandemic', 'disease control']"
ALDE,True,"['health crisis', 'health policies', 'public health']"
ID,,[]
PPE,,[]
ECR,,[]
ID,,[]
ECR,,[]
ECR,,[]
ID,True,"['public health', 'healthcare systems', 'health policies', 'fundamental freedoms']"
ID,,[]
S&D,,[]
S&D,True,"['public health', 'healthcare systems', 'medical capacities', 'health', 'disease control', 'patient care', 'health policies', 'emergency situations']"
ECR,True,"['child sexual abuse', 'child protection', 'forced marriages', 'rape', 'exploitation', 'public health issues']"
S&D,True,"['health reform', 'healthcare system', 'health standards', 'pharmaceutical purchasing', 'medicinal product', 'pharmaceutical patenting', 'research and innovation', 'health crisis unit', 'health policy']"
S&D,True,"['COVID-19', 'public health', 'social inequalities', 'poverty', 'employment', 'health policies', 'social rights']"
GUE/NGL,,[]
PPE,,[]
PPE,True,"['COVID-19', 'public health issues', 'vaccination', 'healthcare systems', 'public health emergency', 'disease control', 'pandemic', 'health policies']"
S&D,True,"['public health', 'healthcare systems', 'well-being', 'refugees', 'demographic challenge']"
ALDE,,[]
PPE,True,"['COVID-19', 'healthcare systems', 'public health issues']"
ECR,,[]
PPE,,[]
S&D,,"['child labour', 'women labour', 'employment']"
S&D,,[]
ID,,[]
ALDE,True,"['COVID-19', 'public health issues', 'vaccination', 'healthcare systems', 'hospitals', 'public health emergency', 'disease control', 'pandemic', 'health policies']"
ALDE,True,"['public health', 'healthcare systems', 'health policies', 'pandemic']"
ID,,[]
ECR,True,"['COVID-19', 'public health issues', 'vaccination', 'healthcare systems', 'health policies', 'pandemic', 'disease control']"
ID,,[]
S&D,True,"['health', 'consumer health', 'food safety', 'public health']"
S&D,,"['humanitarian crisis', 'regional derivative']"
ID,True,"['COVID-19', 'public health issues', 'vaccination', 'healthcare systems', 'hospitals', 'public health emergency', 'disease control', 'pandemic', 'health policies']"
GUE/NGL,True,"['COVID-19', 'public health issues', 'vaccination', 'healthcare systems', 'disease control', 'pandemic', 'health policies']"
ALDE,,[]
PPE,,[]
S&D,True,"['pandemic', 'public health issues', 'healthcare systems']"
ID,,[]
ALDE,True,"['public health', 'healthcare systems', 'drug authorization', 'hygiene', 'ECDC', 'CDC', 'vaccination', 'disease control', 'COVID-19']"
ALDE,,[]
GUE/NGL,True,"['health budget', 'health crisis', 'pandemic', 'healthcare systems']"
PPE,,[]
ALDE,,[]
PPE,True,"['COVID-19', 'public health issues', 'vaccination', 'healthcare systems', 'hospitals', 'public health emergency', 'disease control', 'pandemic', 'health policies']"
PPE,,[]
S&D,,[]
ID,,[]
ECR,,[]
